leaderboard3,Delta
leaderboard3,Gamma
leaderboard3,Omega
leaderboard3,Sigma
leaderboard3,Nu
leaderboard2,Alpha
leaderboard2,Beta
leaderboard2,Gamma
leaderboard2,Psi
leaderboard1,Psi
leaderboard1,Toby
leaderboard1,Gamma
leaderboard1,Sigma
leaderboard1,nu
leaderboard1,Alpha
leaderboard1,Nu
leaderboard1,Delta
leaderboard1,Beta
leaderboard1,Omega
leaderboard1,Neil
leaderboard1,beta
leaderboard1,awdwad
leaderboard1,awdwadawdwad
leaderboard1,awdwadawdwada
leaderboard1,awqdwwww
leaderboard1,emilys
leaderboard1,wwww
leaderboard1,wwwwaaa
leaderboard1,afaf
